feature,importance
time_management,0.24202127659574468
extrinsic_motivation,0.1450282240555797
social_impact,0.1276595744680851
expectation_clarity,0.1196808510638298
interest_field,0.0851063829787234
academic_stress,0.0851063829787234
study_habits,0.06382978723404255
semester,0.06382978723404255
perceived_difficulty,0.04646113764654798
expectation_alignment,0.02127659574468085
intrinsic_motivation,0.0
professional_value,0.0
difficulty_reversed,0.0
